loc_type,mean_qs
county,3.6692867801655513
national,4542.133935166667
state,127.973738125
