loc_type,mean_qs
county,3.4760951399059032
national,4886.475814722222
state,125.96384658234128
