loc_type,mean_qs
county,3.274451978492341
national,5316.166135
state,127.99391017857144
