loc_type,mean_qs
county,3.846829364900194
national,4665.355357954546
state,129.48051074540044
