loc_type,mean_qs
county,3.7427709597716814
national,4467.584632857143
state,127.57701635841836
