loc_type,mean_qs
county,13.449385816997923
national,4886.475814722222
state,125.96384658234128
