loc_type,mean_qs
county,3.7891452379815362
national,4395.431164537037
state,128.0618168287037
