loc_type,mean_qs
county,11.166105755673808
national,4289.285896666666
state,110.83784342261904
