loc_type,mean_qs
county,14.763572582145649
national,4665.355357954546
state,129.48051074540044
