loc_type,mean_qs
county,14.253059047066774
national,4467.584632857143
state,127.57701635841836
