loc_type,mean_qs
county,2.874538820969966
national,4289.285896666666
state,110.83784342261904
