loc_type,mean_qs
county,14.721952178035274
national,4640.882640833333
state,129.67909783653846
