loc_type,mean_qs
county,12.736367440608845
national,5316.166135
state,127.99391017857144
