loc_type,mean_qs
county,2.773108988644805
national,2170.2599999999998
state,75.35058035714286
