loc_type,mean_qs
county,14.481942132472218
national,4395.431164537037
state,128.0618168287037
