loc_type,mean_qs
county,3.8320236671523857
national,4640.882640833333
state,129.67909783653846
