loc_type,mean_qs
county,13.938260367489882
national,4542.133935166667
state,127.973738125
