loc_type,mean_qs
county,3.5191286745197923
national,5630.511
state,110.99164880952381
