loc_type,mean_qs
county,4.779081493048924
national,6364.545626
state,182.2986666934524
