loc_type,mean_qs
county,5.774837960141044
national,12728.87309159091
state,245.22908320752165
