loc_type,mean_qs
county,15.436513343111839
national,3420.758539722222
state,131.93748765873016
