loc_type,mean_qs
county,21.30114898251564
national,10613.10617107143
state,229.05294759991497
