loc_type,mean_qs
county,11.1484141197071
national,1998.2725966666671
state,95.04922711309524
