loc_type,mean_qs
county,3.961285568378788
national,3420.758539722222
state,131.93748765873016
