loc_type,mean_qs
county,22.482353717221795
national,12518.439000925926
state,247.79695995205026
