loc_type,mean_qs
county,5.657189076951649
national,11760.04374698718
state,232.74582800709706
