loc_type,mean_qs
county,12.756146704113037
national,1879.697536666667
state,99.34651807539683
