loc_type,mean_qs
county,5.703618811389384
national,12518.439000925926
state,247.79695995205026
