loc_type,mean_qs
county,5.420384549317016
national,10613.10617107143
state,229.05294759991497
