loc_type,mean_qs
county,2.8968368369945887
national,1998.2725966666671
state,95.04922711309524
