loc_type,mean_qs
county,22.19988839865165
national,11760.04374698718
state,232.74582800709706
