loc_type,mean_qs
county,22.747457130659857
national,12728.87309159091
state,245.22908320752165
