loc_type,mean_qs
county,18.594428510028653
national,6364.545626
state,182.2986666934524
