loc_type,mean_qs
county,3.3023344538186694
national,1879.697536666667
state,99.34651807539683
