loc_type,mean_qs
county,5.701824937799944
national,12518.443231481482
state,247.79584408068783
