loc_type,mean_qs
county,4.427975766847077
national,10387.180147500001
state,158.41772588392857
