loc_type,mean_qs
county,14.98298723526847
national,2680.7587186751434
state,85.59890348650094
