loc_type,mean_qs
county,29.964579020400357
national,8605.535061569652
state,211.73100183222098
