loc_type,mean_qs
county,15.868961018552753
national,3219.9229674284843
state,93.21612780850579
