loc_type,mean_qs
county,5.004476491769549
national,13286.985468703704
state,183.94790603174604
