loc_type,mean_qs
county,11.307153692722371
state,190.97897333018867
