loc_type,mean_qs
county,15.183270174394176
national,2816.0578528504043
state,87.56723185590747
