loc_type,mean_qs
county,20.26509848668694
national,5777.708888200808
state,132.38714016709184
