loc_type,mean_qs
county,20.807549919108045
national,13798.654572619047
state,237.13362632440476
