loc_type,mean_qs
county,14.90103020841861
national,2637.0916107301887
state,84.87975960448114
