loc_type,mean_qs
county,4.008922064452228
national,8146.90129111111
state,129.30565823412698
