loc_type,mean_qs
county,20.82725990863288
national,13098.328719166668
state,227.4398096031746
