loc_type,mean_qs
county,24.03119286852779
national,7671.63031207789
state,163.97697000252697
