loc_type,mean_qs
county,4.87860306320126
national,11863.049339924242
state,175.9846391112013
