loc_type,mean_qs
county,5.773027519705174
national,12728.875643939395
state,245.22791125541127
