loc_type,mean_qs
county,4.730941809072168
national,6016.263639855072
state,179.45266630890322
