loc_type,mean_qs
county,3.8139882295977925
national,6162.308799722223
state,121.87226511904761
