loc_type,mean_qs
county,14.482214048414972
national,3300.565323339623
state,97.53925647152965
