loc_type,mean_qs
county,15.299230017229078
national,2939.6846083540217
state,89.36470588793624
