loc_type,mean_qs
county,20.114477281513455
national,11705.369266136364
state,213.14528404491344
