loc_type,mean_qs
county,15.463772080226551
national,3129.530704844617
state,92.64443796471183
