loc_type,mean_qs
county,15.29256225208705
national,2833.1541247267405
state,88.06686480551167
