loc_type,mean_qs
county,4.941294489850063
national,13939.323171904762
state,184.50966011692176
