loc_type,mean_qs
county,9.222574625636419
state,71.46760264150943
