loc_type,mean_qs
county,27.203746273207415
national,8426.777626386573
state,190.05917656375368
