loc_type,mean_qs
county,4.749058014521206
national,11369.52225675926
state,173.79108231150795
