loc_type,mean_qs
county,25.476225929582004
national,8128.9344920294525
state,176.08647043595096
