loc_type,mean_qs
county,16.877693680735586
national,8144.808030555555
state,173.57108846726192
