loc_type,mean_qs
county,22.099468410057963
national,7556.995958328092
state,155.74941487196764
