loc_type,mean_qs
county,14.978694492600004
national,2647.4348337508736
state,85.17005352681691
