loc_type,mean_qs
county,5.655371390786868
national,11760.047051282052
state,232.7449490613553
