loc_type,mean_qs
county,15.720846473825443
national,3153.420068600629
state,94.36111124168913
