loc_type,mean_qs
county,4.7772978987583565
national,6364.54905
state,182.29756011904763
