loc_type,mean_qs
county,21.900008309455586
national,7148.525155562409
state,147.5944835948191
