loc_type,mean_qs
county,9.63176722821204
state,45.068358962264135
