loc_type,mean_qs
county,14.486085814458544
national,3185.343208009434
state,96.92812917233827
