loc_type,mean_qs
county,29.160252693586603
national,8708.166316582809
state,205.76248371952678
