loc_type,mean_qs
county,15.375088060995832
national,3360.9641005261246
state,95.7306447511922
