loc_type,mean_qs
county,22.40832142557379
national,7639.403439455403
state,153.9681495426213
