loc_type,mean_qs
county,22.695735768125886
national,7146.688353275114
state,153.45065432327712
