loc_type,mean_qs
county,15.144389001013225
national,3379.951504302935
state,99.62484750580263
