loc_type,mean_qs
county,4.654730448515717
national,10273.526663030303
state,167.39308179518397
