loc_type,mean_qs
county,15.442559431296178
national,3468.2366252701545
state,97.62206827722984
