loc_type,mean_qs
county,4.696264703544518
national,12766.510103833334
state,169.48081821130953
