loc_type,mean_qs
county,19.946627264974758
national,12678.712370833333
state,224.38188970833335
