loc_type,mean_qs
county,4.662187318642836
national,11645.45359107143
state,173.1310803295068
