loc_type,mean_qs
county,18.257588850115976
national,4142.187859745282
state,118.18348343497304
