loc_type,mean_qs
county,5.4115625592297345
national,9743.983423634336
state,228.14269066764905
