loc_type,mean_qs
county,31.068179621793828
national,10091.62085943084
state,241.19237432027165
