loc_type,mean_qs
county,28.248657031655867
national,9594.589908201286
state,216.26062084089432
