loc_type,mean_qs
county,29.770204078693727
national,9437.202056322974
state,224.6294286545406
