loc_type,mean_qs
county,30.652690242092365
national,10410.862814461689
state,236.20569665165712
