loc_type,mean_qs
county,33.5683707811695
national,9560.988842991803
state,241.87801068695873
