loc_type,mean_qs
county,28.0574976910816
national,9155.204654375868
state,212.7886609191286
