loc_type,mean_qs
county,30.418521251820408
national,8437.351300602619
state,213.88213879821842
