loc_type,mean_qs
county,30.909491730613354
national,9775.507298240984
state,233.40390398701123
