loc_type,mean_qs
county,30.515973045612874
national,10363.281372912115
state,236.04607571078978
