loc_type,mean_qs
county,32.116214737717065
national,10364.349596077152
state,241.90262551122936
