loc_type,mean_qs
county,29.785419271519768
national,9916.720528010952
state,231.0545131331051
