loc_type,mean_qs
county,30.014597670362107
national,10074.330993544523
state,232.54638442518763
