loc_type,mean_qs
county,26.16902138599372
national,8558.291412152292
state,198.44659721092447
