loc_type,mean_qs
county,29.15333934378157
national,9335.8375325
state,220.37432235439255
