loc_type,mean_qs
county,33.02805572428998
national,10690.204292179382
state,247.91132049676014
