loc_type,mean_qs
county,29.48344873651003
national,9389.2658531658
state,222.6477580312413
