loc_type,mean_qs
county,31.213791955685487
national,8594.187996904366
state,220.10754205499182
