loc_type,mean_qs
county,31.738708111776784
national,8575.00533074614
state,223.63144833214898
