loc_type,mean_qs
county,29.935412728685062
national,10406.34181164698
state,230.57566584153946
