loc_type,mean_qs
county,30.16474986020786
national,10176.539213450627
state,233.56492751026767
