loc_type,mean_qs
county,28.451158823443134
national,9238.34063731842
state,215.53167897594955
