loc_type,mean_qs
county,30.105807105993946
national,9494.125701686748
state,227.1209794448515
