loc_type,mean_qs
county,33.09731954254749
national,9202.266832181804
state,234.91173261975194
