loc_type,mean_qs
county,28.812335715566316
national,9278.477854385237
state,217.94736404515376
