loc_type,mean_qs
county,31.30543040554789
national,9983.100098464225
state,236.33628469813289
