loc_type,mean_qs
county,30.115148557221662
national,10380.705563367379
state,232.10889175633758
