loc_type,mean_qs
county,30.652149251950586
national,10432.200354915849
state,235.9893682886658
