loc_type,mean_qs
county,29.900971866444365
national,9972.266336309043
state,232.4247716086939
