loc_type,mean_qs
county,30.45816022604271
national,10412.965257036356
state,235.1547353237035
