loc_type,mean_qs
county,30.71118540506564
national,10446.258085274476
state,236.40667087846478
