loc_type,mean_qs
county,26.681262308741452
national,8846.513686158041
state,203.33219119980095
