loc_type,mean_qs
county,33.84501289220507
national,10245.332795098084
state,253.17549010582454
