loc_type,mean_qs
county,31.40775169690752
national,8501.284878043787
state,221.19487074267025
