loc_type,mean_qs
county,27.1886931692514
national,8903.42560672146
state,206.243856414235
