loc_type,mean_qs
county,33.21628594710647
national,10617.725550090116
state,250.39077755853484
