loc_type,mean_qs
county,32.5385541046582
national,10550.716226971166
state,244.9006409199774
