loc_type,mean_qs
county,30.461444914658376
national,9601.074200626019
state,229.92799837843376
