loc_type,mean_qs
county,26.760015601473235
national,8741.267781197459
state,202.87234508929407
