loc_type,mean_qs
county,27.627183562362713
national,9053.119402515562
state,209.61175824065808
