loc_type,mean_qs
county,30.718893581053937
national,10438.276556823534
state,236.72097682567542
