loc_type,mean_qs
county,29.932910764168028
national,10003.989920634953
state,231.9793515414301
