loc_type,mean_qs
county,33.65283823826843
national,10479.773200992018
state,253.3383159326923
