loc_type,mean_qs
county,31.71127198317945
national,10177.180658835849
state,239.0303130323787
