loc_type,mean_qs
county,29.974003547650756
national,9948.116265302271
state,233.09007787267703
