loc_type,mean_qs
county,30.360130613740694
national,10285.737971985674
state,235.0759760679158
