loc_type,mean_qs
county,26.243669105126823
national,8637.589000594693
state,199.29223889458743
