loc_type,mean_qs
county,26.37865929638973
national,8605.903718911888
state,199.99014418150404
