loc_type,mean_qs
county,32.324262269481004
national,8825.445808601457
state,228.41375704365572
