loc_type,mean_qs
county,27.44784816453702
national,9208.196870299593
state,209.6296611694638
