loc_type,mean_qs
county,30.16793812300563
national,9932.576117156199
state,234.47457307802804
