loc_type,mean_qs
county,28.987527946369987
national,9962.795103224364
state,222.67451407850405
