loc_type,mean_qs
county,29.49731086575627
national,10243.438504311402
state,227.0974236461213
