loc_type,mean_qs
county,54.3245533883643
national,18985.028707992664
state,427.8598103020748
