loc_type,mean_qs
county,53.54228903357563
national,18565.012258241873
state,419.89394894310044
