loc_type,mean_qs
county,53.82074140628317
national,18704.64047738174
state,422.6526694106209
