loc_type,mean_qs
county,56.578976150601555
national,20202.37672146426
state,446.84905414249795
