loc_type,mean_qs
county,49.61483969692237
national,16963.850322360056
state,388.5214587436076
