loc_type,mean_qs
county,48.182482895771635
national,17392.511229876516
state,372.0979119903546
