loc_type,mean_qs
county,53.02090032074093
national,18337.78640168282
state,415.7367830412875
