loc_type,mean_qs
county,49.33762688406967
national,16871.27793578306
state,386.33961172545213
