loc_type,mean_qs
county,59.77533212040016
national,21426.02318267832
state,462.3155879049652
