loc_type,mean_qs
county,58.925346075149946
national,21101.83040158139
state,456.1025110417906
