loc_type,mean_qs
county,57.63698888552147
national,20579.955627997733
state,454.68585093317324
