loc_type,mean_qs
county,56.88650287353856
national,20314.89242023837
state,449.1212866253631
