loc_type,mean_qs
county,53.30403966261106
national,18445.65380481371
state,418.26695364531196
