loc_type,mean_qs
county,55.2224349026346
national,19469.4228520825
state,425.35732207004116
