loc_type,mean_qs
county,58.268016925849146
national,20775.825255583815
state,450.2260654881246
