loc_type,mean_qs
county,54.0974176770952
national,18841.167441371308
state,425.45553265523637
