loc_type,mean_qs
county,52.829013884263595
national,18905.56302641302
state,408.03049183126313
