loc_type,mean_qs
county,49.86174606913306
national,17062.420354159807
state,390.47799970539614
