loc_type,mean_qs
county,58.07534936694137
national,20749.561391952466
state,457.99320726875345
