loc_type,mean_qs
county,59.3770763484866
national,21274.208247761188
state,459.2938931372835
