loc_type,mean_qs
county,59.51150276983221
national,21256.77137679984
state,460.8347901174882
