loc_type,mean_qs
county,54.92288644580107
national,19320.50525386536
state,437.23674819345035
