loc_type,mean_qs
county,54.53423311607388
national,19102.787706881743
state,430.0658659481879
