loc_type,mean_qs
county,40.98187461010554
national,14347.599973530128
state,317.9672039130837
