loc_type,mean_qs
county,34.34270970496892
national,11364.442028843878
state,265.6807590637773
