loc_type,mean_qs
county,56.43426997557072
national,20184.73081728761
state,445.727721971849
