loc_type,mean_qs
county,55.37758970487248
national,19597.58284524225
state,441.29519698802727
