loc_type,mean_qs
county,58.51887471817373
national,20950.38431848108
state,461.6153380482973
