loc_type,mean_qs
county,51.30030823897706
national,17641.907705870293
state,402.04707166931763
