loc_type,mean_qs
county,59.955998763436895
national,21446.64696267891
state,464.53226814939245
