loc_type,mean_qs
county,51.937494269156545
national,17887.680030232525
state,407.13501017269743
