loc_type,mean_qs
county,56.166257091509785
national,20054.639704001856
state,443.53769559225435
