loc_type,mean_qs
county,55.923353265149416
national,19911.068532097
state,442.66949865513345
