loc_type,mean_qs
county,55.63528600311724
national,19754.30061462336
state,440.4001055353423
