loc_type,mean_qs
county,57.23819812073908
national,20419.921079434727
state,451.6737464971726
