loc_type,mean_qs
county,50.95932271530674
national,17505.41319642623
state,399.37101133039613
