loc_type,mean_qs
county,52.50740866364218
national,18131.25887061723
state,411.4695042046931
