loc_type,mean_qs
county,51.6284735556478
national,17762.17932324998
state,404.69583783513957
