loc_type,mean_qs
county,60.06252753746978
national,21531.921439572714
state,464.3294513189026
