loc_type,mean_qs
county,52.205920924137146
national,18005.930220833543
state,409.2539016215296
