loc_type,mean_qs
county,52.75681898310548
national,18232.874771575385
state,413.5577786165136
