loc_type,mean_qs
county,53.32049581648121
national,18471.825591059674
state,417.78265304248026
