loc_type,mean_qs
county,50.362967944553965
national,17263.43697344928
state,394.5047466328861
