loc_type,mean_qs
county,54.71620788094046
national,19190.256581256475
state,431.8201181795608
