loc_type,mean_qs
county,50.105099361538926
national,17160.329567149198
state,392.39148054682374
