loc_type,mean_qs
county,59.99855745225288
national,21489.888570177976
state,465.0755931768617
