loc_type,mean_qs
county,48.769006896443436
national,16669.70096986838
state,381.7698891521661
