loc_type,mean_qs
county,48.72464879698829
national,16645.3497202722
state,381.30671244067514
