loc_type,mean_qs
county,48.40606822007397
national,16510.47426129219
state,378.7184617056068
