loc_type,mean_qs
county,48.591151506240955
national,16592.071349053578
state,380.1730883421087
