loc_type,mean_qs
county,48.12513520193547
national,16415.045358566822
state,376.62195877890844
